img_name,uuid,url
1,8441885f14cf4f898b8ccfca18e1cf91,https://upload.wikimedia.org/wikipedia/commons/6/66/An_up-close_picture_of_a_curious_male_domestic_shorthair_tabby_cat.jpg
2,2aed775634104878ac7b739f35e32b22,https://i.ytimg.com/vi/pjRs_WT8VzM/maxresdefault.jpg
3,d2862177c79041a58e5bae7a63b418d5,https://upload.wikimedia.org/wikipedia/commons/thumb/3/3a/Cat03.jpg/1200px-Cat03.jpg
4,ca42fa400a1744babd633d0d4d5cacc9,https://www.petmd.com/sites/default/files/adult-homeless-cat-asking-for-food-picture-id847415388.jpg
5,5dc3ce6ea78243b5a6fc72e12d384fd9,"https://timesofindia.indiatimes.com/thumb/msid-67586673,width-800,height-600,resizemode-4/67586673.jpg"
6,9be41c4dc39e49be86c071efc4065838,https://icatcare.org/app/uploads/2018/07/Thinking-of-getting-a-cat.png
7,9479c5c784c94957bed6855afb0766de,"https://timesofindia.indiatimes.com/thumb/msid-69058419,width-800,height-600,resizemode-4/69058419.jpg"
8,9cc88d86d21742e59102a0f95aa8ad98,https://resize.hswstatic.com/w_907/gif/tesla-cat.jpg
9,d8dade2352eb471bb11d57094c5f0883,https://upload.wikimedia.org/wikipedia/commons/thumb/0/0b/Cat_poster_1.jpg/1200px-Cat_poster_1.jpg
10,92deec3a7443464789c83a0ff4935c10,https://www.nationalgeographic.com/content/dam/news/2018/05/17/you-can-train-your-cat/02-cat-training-NationalGeographic_1484324.jpg
11,b6c93a0b4e224a7fa47a8e594a92546e,https://img.webmd.com/dtmcms/live/webmd/consumer_assets/site_images/article_thumbnails/reference_guide/cats_and_excessive_meowing_ref_guide/1800x1200_cats_and_excessive_meowing_ref_guide.jpg
13,55adc378e90a4a9f8a9cb107d32096ee,"https://images.immediate.co.uk/production/volatile/sites/4/2018/08/iStock_000044061370_Medium-fa5f8aa.jpg?quality\u003d45\u0026crop\u003d5px,17px,929px,400px\u0026resize\u003d960,413"
14,59b8a07cd07447f1a426a84706446ad3,https://www.petmd.com/sites/default/files/the-cat-which-sleeps-picture-id596060186.jpg
15,9d00fd2866434094815e4889fffe0999,https://static01.nyt.com/images/2019/09/04/business/04chinaclone-01/merlin_160087014_de761d9a-4360-402d-a15b-ddeff775760d-articleLarge.jpg?quality\u003d75\u0026auto\u003dwebp\u0026disable\u003dupscale
16,b2a7dcb510a44f7c8a0ea2586106dbcd,"https://img.etimg.com/thumb/width-640,height-480,imgsize-148510,resizemode-1,msid-71384388/why-shun-cats-when-mice-incentive-works.jpg"
17,c1e05adac9cb482980d9fcb2803c660b,https://i.ytimg.com/vi/PbQNjkDCIn4/maxresdefault.jpg
18,d0d15fb2ba534e83b575990cf23679d0,https://hips.hearstapps.com/hmg-prod.s3.amazonaws.com/images/why-cats-are-best-pets-grooming-1559232969.jpg
19,4bbf4ace61334f6e8dc88a2f32d4fc94,https://www.commonfloor.com/articles/wp-content/uploads/2012/07/dva1.jpg
20,41675d943ec74f86a504946ca0fbd357,https://images.pexels.com/photos/617278/pexels-photo-617278.jpeg?cs\u003dsrgb\u0026dl\u003dadorable-animal-blur-cat-617278.jpg\u0026fm\u003djpg
21,996461f83cb14c2691b2a01ebb4e1a90,https://ichef.bbci.co.uk/news/410/cpsprodpb/ED75/production/_110198706_capture.jpg
22,df8a1ec1eaee407389433449076441fa,https://www.rd.com/wp-content/uploads/2019/11/cat-10-e1573844975155.jpg
23,8b1fbfd2b677414688ab171e3bf78dcf,https://ewedit.files.wordpress.com/2019/01/cm_328895545454.jpg?w\u003d2700\u0026h\u003d1800
24,7fa04e697f734351b20cdc10c7c08500,"https://img.etimg.com/thumb/width-640,height-480,imgsize-573025,resizemode-1,msid-66313372/dr-ds-column-of-cats-consent-and-cuddles.jpg"
25,4647b3f654b64917a7948cb05ba52972,https://images.theconversation.com/files/301743/original/file-20191114-26207-lray93.jpg?ixlib\u003drb-1.1.0\u0026q\u003d45\u0026auto\u003dformat\u0026w\u003d926\u0026fit\u003dclip
26,a52b7ae734f0491a9caacc85c3a1e24b,https://www.catcafestudio.com/wp-content/uploads/2018/09/IMG_0266.jpg
27,65aa4ebf964f4147b314ffc64f61ff2e,https://inteng-storage.s3.amazonaws.com/img/iea/4N610VqxGJ/sizes/cat-cloning_resize_md.jpg
28,87efa9d7ff344ebfb3199a0793fa128d,https://mk0nationaltodayijln.kinstacdn.com/wp-content/uploads/2019/10/national-cat-day-640x514.jpg
29,ec69748d4c1d4a92962941c12f73778c,https://images.pexels.com/photos/104827/cat-pet-animal-domestic-104827.jpeg?cs\u003dsrgb\u0026dl\u003dgrey-and-white-short-fur-cat-104827.jpg\u0026fm\u003djpg
30,73fb1906205c4333b886e57958127037,https://static.independent.co.uk/s3fs-public/thumbnails/image/2019/11/25/11/istock-1069317442.jpg?w968h681
31,0bf27ac778c94b8f9461332ec117b30b,https://cdn.pixabay.com/photo/2017/02/20/18/03/cat-2083492_640.jpg
32,88e749702d5446e8b61226d468733767,"https://hips.hearstapps.com/hmg-prod.s3.amazonaws.com/images/why-cats-are-best-pets-1559241235.jpg?crop\u003d0.586xw:0.880xh;0.0684xw,0.0611xh\u0026resize\u003d640:*"
35,2c3015dafa1a41878e5fb2c46a2b79a7,https://sm.mashable.com/t/mashable_in/photo/default/cat-belly-rubs_q3ed.960.jpg
36,090b73f9c88749899fd1f4a81ef9016d,https://cdn.britannica.com/92/105092-050-C7081CBD/Abyssinian-cat-Egypt.jpg
37,48cc9f43eaee471cb7e56ed3a917d68e,https://cdn.cnn.com/cnnnext/dam/assets/191024091949-02-foster-cat-large-169.jpg
38,84a7910dc746426eb8681fc744e40c31,https://i0.wp.com/images-prod.healthline.com/hlcmsresource/images/topic_centers/2018-8/woman_sleeping_cat_bed-1296x728-header.20180807203529605.jpg?w\u003d1155\u0026h\u003d1528
39,060a1cf947ed4085904285b25750b91d,https://icatcare.org/app/uploads/2018/09/Scottish-fold.png
40,ed1274be303a4205aa41525a4c2de35d,https://cdn.dnaindia.com/sites/default/files/styles/full/public/2017/11/04/622378-cat.jpg
43,eb7fef7b6d2c4c23838f9b866ec19094,https://i10.dainikbhaskar.com/thumbnails/730x548/web2images/www.bhaskar.com/2018/09/04/cat.jpg
44,62cd26e6d5c14173a69291e3ceed7790,https://peopledotcom.files.wordpress.com/2019/04/taylor-swift-new-cat.jpg
45,e8b1cc73540c447fb4b1dbe5b0690f15,http://im.rediff.com/getahead/2019/dec/20petpics1.jpg
47,829a8fcfa2d54080a0e336c1f37f91c5,https://images.unsplash.com/photo-1548546738-8509cb246ed3?ixlib\u003drb-1.2.1\u0026w\u003d1000\u0026q\u003d80
49,07fc46efbf444c5f9fb822489c2bea29,https://video-images.vice.com/articles/5d88de76291753000876680b/lede/1569251035030-GettyImages-685044979-1.jpeg?crop\u003d1xw%3A0.841xh%3B0xw%2C0.0544xh\u0026resize\u003d2000%3A*
51,256d3b33274040d6a2e67f30a3d58bb3,https://www.sciencealert.com/images/2019-12/processed/CatsHaveFacialExpressionsButHardToRead_600.jpg
53,d39971a77e9e46f4ab2cc5d16c260909,https://akm-img-a-in.tosshub.com/indiatoday/images/story/201812/RTX4SNFL.jpeg?hL8vK1GVfhtYxaK99Z7t0jPF2HxXzgVo
54,db1cede38c1045599c2a6fc5e8c68022,https://cdn.britannica.com/94/180994-050-ADD96C62/American-breed-cat-Wirehair.jpg
55,2dd4e66bccd74487a7fd6c86e0a97dff,https://media1.popsugar-assets.com/files/thumbor/GSwUftRG5aqL5pwwngcaxV1LLIg/fit-in/728xorig/filters:format_auto-!!-:strip_icc-!!-/2019/03/08/942/n/24155406/969a82835c82e08f48bec2.51392464_/i/Wearable-Cat-Head.jpg
56,78a80426174a45a1b2b69d682e70c41b,https://api.time.com/wp-content/uploads/2019/12/CatFilterReaction.jpg?w\u003d600\u0026quality\u003d85
57,1d297bcbdc704837b0754e6aa5ccd733,"https://cdn.shortpixel.ai/client/q_glossy,ret_img,w_600,h_600/https://mummycat.in/wp-content/uploads/2018/12/himalayan-cat-600x600.jpg"
59,7b4db4bfc310482ca2a2d017713ae4e8,https://www.peta.org/wp-content/uploads/2013/07/declawing-cats-668x336-1553210147.png?20190321111547
60,0df06be4a3984f60888602fbc33b2061,https://www.medicalnewstoday.com/content/images/articles/327/327214/cute-kitten.jpg
61,93517b49c1314900b97566655579d8b6,https://content3.jdmagicbox.com/comp/mumbai/z6/022pxx22.xx22.190622184250.c9z6/catalogue/sumit-and-chandrika-s-home-for-cats-malad-west-mumbai-cat-care-takers-9hm17r3bo5.jpg?clr\u003d423824
62,735dbcca29c14abf9e3c3c34892a98aa,https://miro.medium.com/max/605/1*flrlrahcfKKtLR9MTgeW8w.png
63,d251b1eb9a6a4c549f0a2cb699ef5231,https://images.news18.com/ibnlive/uploads/2019/08/Untitled-design-2019-08-08T130831.219.jpg
64,ff0698a8325f4e60a082d7450a7c5e42,https://imgix.bustle.com/uploads/getty/2018/4/13/5268bf1a-f786-4743-9474-6614fec8638c-getty-915821408.jpg?w\u003d970\u0026h\u003d546\u0026fit\u003dcrop\u0026crop\u003dfaces\u0026auto\u003dformat\u0026q\u003d70
65,87f7e925afe74262b90176357ce0b59d,https://www.rd.com/wp-content/uploads/2016/02/07-train-cat-walk-on-a-leash-1200x1200.jpg
66,02e6498b47f64fe387ad01aae9125339,https://media.mnn.com/assets/images/2015/07/catbeingpetted.jpg.653x0_q80_crop-smart.jpg
67,4b5c60b4e20b427d839a9274111e3b7a,https://www.purina.com/sites/g/files/auxxlc196/files/styles/facebook_share/public/how-much-wet-food-should-i-feed-my-cat_500x300.jpg?itok\u003dtL-T5D3p
68,5b0f39f625e54d388f92c8e2f35ba10f,http://agriculture.vic.gov.au/__data/assets/image/0019/181900/cat-welfare-imaged.jpg
69,47b03845bf844e068f0afef49fe767d3,https://image.insider.com/5d02563ddaa4821bf4575092?width\u003d1100\u0026format\u003djpeg\u0026auto\u003dwebp
70,27dcb83b391d4ae4ae8fb34ec04d9f13,"https://hips.hearstapps.com/hmg-prod.s3.amazonaws.com/images/cat-quotes-1543599392.jpg?crop\u003d1.00xw:0.759xh;0,0\u0026resize\u003d480:*"
71,6bb054dcbf004c60964ba89ce2cfe5cc,https://vetstreet.brightspotcdn.com/dims4/default/798e68d/2147483647/crop/0x0%2B0%2B0/resize/645x380/quality/90/?url\u003dhttps%3A%2F%2Fvetstreet-brightspot.s3.amazonaws.com%2Fe7%2Ff4d770a33211e087a80050568d634f%2Ffile%2FPersian-1-645mk062211.jpg
72,948d36048cc44a538acedc91e8c4629a,https://scx1.b-cdn.net/csz/news/800/2019/cats.jpg
75,a56aa6b259ab4e91899516eaea32559d,https://i.ytimg.com/vi/BCyMH6XSGLU/maxresdefault.jpg
76,0892abc332ab431c872d078fa9f5a028,https://hips.hearstapps.com/hmg-prod.s3.amazonaws.com/images/cat-costumes-social-1565883336.png
77,1b68eb91ee8840b2b0736274ab812bf0,"https://static.toiimg.com/thumb/msid-72020424,imgsize-376265,width-400,resizemode-4/72020424.jpg"
78,7f050a915fb84f2d9888e4b7d37b206e,https://www.catster.com/wp-content/uploads/2017/08/A-fluffy-cat-looking-funny-surprised-or-concerned.jpg
79,02a25a4c98164f03a3a0d6573b80f343,https://img.webmd.com/dtmcms/live/webmd/consumer_assets/site_images/article_thumbnails/reference_guide/cat_weight_ref_guide/1800x1200_cat_weight_ref_guide.jpg
81,73e545517b354ff89b163076384105aa,https://cdn.royalcanin-weshare-online.io/8vkqa2QBIYfdNSoCvPuw/v21/british-short-hair-adult-breed-emblematic
83,6f926ef782f34d7ab47c62792a445419,https://bonbeno.com/pub/media/Plazathemes/blog/images/w/h/what_is_my_cat_saying_to_me.jpg
84,fd438b12567948ada24b2478d1bde47a,https://akm-img-a-in.tosshub.com/indiatoday/images/story/201601/cat---facebook-and-storysize_647_011416045855.jpg
85,0bb4bd52c9d341589b047d3895b50b24,https://cf.ltkcdn.net/cats/images/std/219726-675x450-kittehshnuggles.jpg
86,9ab0434f91124a61878cb46bc3406dca,https://images.pexels.com/photos/45201/kitty-cat-kitten-pet-45201.jpeg?auto\u003dcompress\u0026cs\u003dtinysrgb\u0026dpr\u003d1\u0026w\u003d500
87,2a7e57a3a722468fb9c77ee6bca9bd20,https://images.unsplash.com/photo-1505015390928-f9e55218544f?ixlib\u003drb-1.2.1\u0026w\u003d1000\u0026q\u003d80
88,9684d0074cb44729a1971ad3676bf9c6,https://cdn.psychologytoday.com/sites/default/files/styles/amp_metadata_content_image_min_1200px_wide/public/field_blog_entry_teaser_image/2019-10/cat-2068462_1920-144x144-376_0-1279_1280.jpg?itok\u003dciUi56IR
89,0a3a58546aef4580b03a41303a82b6f3,https://scx1.b-cdn.net/csz/news/800/2019/1-garlicsowner.jpg
90,637368fc44a04ba6afe10f98a5890826,"https://s2.r29static.com/bin/entry/1ab/720x864,85/2240285/image.webp"
92,154681afa9fb47f2a41555c6944a5bb9,https://cdn-image.travelandleisure.com/sites/default/files/styles/1600x1000/public/1553092873/cats-cuddling-CATFESTIVAL0319.jpg?itok\u003d6rICKTHj
93,7473fb148b264fa4b61e3709f9f7e5a8,https://images-na.ssl-images-amazon.com/images/I/41WhCenVIFL._SY355_.jpg
94,58dc2e6f77c54cf180329796b59e5350,https://fsmedia.imgix.net/84/ce/22/ce/e862/4043/909d/4954c72f733c/study-reveals-that-cats-have-attachment-styles.jpeg?crop\u003dedges\u0026fit\u003dcrop\u0026auto\u003dformat%2Ccompress\u0026dpr\u003d2\u0026h\u003d325\u0026w\u003d650
95,4bd12b9a196c47a3993538d7c041b3fa,https://static.boredpanda.com/blog/wp-content/uploads/2018/04/5acb63d83493f__700-png.jpg
96,fb3a8bb1b7d44b3bb39b1735d13c224e,"https://hips.hearstapps.com/hmg-prod.s3.amazonaws.com/images/close-up-of-cat-wearing-sunglasses-while-sitting-royalty-free-image-1571755145.jpg?crop\u003d0.670xw:1.00xh;0.147xw,0\u0026resize\u003d480:*"
97,d893393c04f2479181308760e6932959,https://www.thisiscolossal.com/wp-content/uploads/2019/08/cat-hat-8.jpg
98,ee01ea738cb44e3e8d8a6fbe07097f73,https://catcafestudio.b-cdn.net/wp-content/uploads/2018/09/IMG_9590.jpg
99,0876384e188645478ac1cc4fc7df21b0,https://www.sciencemag.org/sites/default/files/styles/article_main_large/public/Treacle_with_catcam.JPG?itok\u003dSjJeHE9H
100,2464d0a730324c939de0fd500f538f52,https://www.healthline.com/hlcmsresource/images/galleries/cat-scratch-fever/4609-cat-1200x628-facebook.jpg
